{
  "project_info": {
    "project_number": "358747977546",
    "firebase_url": "https://doctor-connect-5.firebaseio.com",
    "project_id": "doctor-connect-5",
    "storage_bucket": "doctor-connect-5.appspot.com"
  },
  "client": [
    {
      "client_info": {
        "mobilesdk_app_id": "1:358747977546:android:69088d8abead7281",
        "android_client_info": {
          "package_name": "x17521139.student.ncirl.ie.drconnectapp"
        }
      },
      "oauth_client": [
        {
          "client_id": "358747977546-6heallkpqevverkf608il5v5efjhfhob.apps.googleusercontent.com",
          "client_type": 1,
          "android_info": {
            "package_name": "x17521139.student.ncirl.ie.drconnectapp",
            "certificate_hash": "9fa9fb27f1f683fbfcbc90647da880727b473add"
          }
        },
        {
          "client_id": "358747977546-aorf781jkqh8lsl7p1bm6si3m8irn9ef.apps.googleusercontent.com",
          "client_type": 1,
          "android_info": {
            "package_name": "x17521139.student.ncirl.ie.drconnectapp",
            "certificate_hash": "e20785c36d384367e3c75439e1cea1f57fd439a5"
          }
        },
        {
          "client_id": "358747977546-dnpc32t8vr4nida89u25dc9bhudmm59r.apps.googleusercontent.com",
          "client_type": 1,
          "android_info": {
            "package_name": "x17521139.student.ncirl.ie.drconnectapp",
            "certificate_hash": "bb73ddcfa3455c8273176e98babc464e5155a900"
          }
        },
        {
          "client_id": "358747977546-3nimk3pg28rru1jb0ph4b1o1ev2b608c.apps.googleusercontent.com",
          "client_type": 1,
          "android_info": {
            "package_name": "x17521139.student.ncirl.ie.drconnectapp",
            "certificate_hash": "72cfb1c32d31d4eb4a2e89bc7351f7156a4aad87"
          }
        },
        {
          "client_id": "358747977546-evgvq4hglb1m4l3dvvpevqfcce94c98v.apps.googleusercontent.com",
          "client_type": 1,
          "android_info": {
            "package_name": "x17521139.student.ncirl.ie.drconnectapp",
            "certificate_hash": "99edc3efbaef5a30dfdc64f5ec798c381f71cfee"
          }
        },
        {
          "client_id": "358747977546-b961gbuc5et09l745ahprfcr60hv44ga.apps.googleusercontent.com",
          "client_type": 1,
          "android_info": {
            "package_name": "x17521139.student.ncirl.ie.drconnectapp",
            "certificate_hash": "108b6a18f802c68622637d00981e5291e6c53477"
          }
        },
        {
          "client_id": "358747977546-9l94hbkoj40pg20v9qf63mqodr293hfj.apps.googleusercontent.com",
          "client_type": 1,
          "android_info": {
            "package_name": "x17521139.student.ncirl.ie.drconnectapp",
            "certificate_hash": "bc8f040804820312cddf309920d0b5713fe8d83f"
          }
        },
        {
          "client_id": "358747977546-1sgdjtjra0r0h8tm1msric7hucphp7tm.apps.googleusercontent.com",
          "client_type": 1,
          "android_info": {
            "package_name": "x17521139.student.ncirl.ie.drconnectapp",
            "certificate_hash": "85f1802b9f8ed306bb1bc699b9959d1f5747c3a7"
          }
        },
        {
          "client_id": "358747977546-ofu5n59at3dv6i9vsso90c0v92gdhht0.apps.googleusercontent.com",
          "client_type": 1,
          "android_info": {
            "package_name": "x17521139.student.ncirl.ie.drconnectapp",
            "certificate_hash": "373040547038c995da4d59bfbfc5ae6601f12502"
          }
        },
        {
          "client_id": "358747977546-ds4589v1elidi38u5avdl8226taqeq9v.apps.googleusercontent.com",
          "client_type": 3
        }
      ],
      "api_key": [
        {
          "current_key": "AIzaSyBCIKF6AAY9H5Xj9W5UCgA9fZAQvrK8kLQ"
        }
      ],
      "services": {
        "appinvite_service": {
          "other_platform_oauth_client": [
            {
              "client_id": "358747977546-ds4589v1elidi38u5avdl8226taqeq9v.apps.googleusercontent.com",
              "client_type": 3
            }
          ]
        }
      }
    }
  ],
  "configuration_version": "1"
}